altitude	frequency
800	0
900	0
1000	0
1100	0.983922829582
1200	0.016077170418
1300	0
1400	0
1500	0
1600	0
1700	0
