altitude	frequency
800	0.995145631068
900	0.00485436893204
1000	0
1100	0
1200	0
1300	0
1400	0
1500	0
1600	0
1700	0
