altitude	frequency
400	0
500	0
600	0
700	0
800	0
900	0.465753424658
1000	0.470319634703
1100	0.0639269406393
1200	0
1300	0
