altitude	frequency
400	0
500	0
600	0.0372750642674
700	0.962724935733
800	0
900	0
1000	0
1100	0
1200	0
1300	0
