altitude	frequency
400	0
500	0
600	0
700	0.402892561983
800	0.597107438017
900	0
1000	0
1100	0
1200	0
1300	0
