altitude	frequency
[300, 400]	0
[400, 500]	0.01261829653
[500, 600]	0.116719242902
[600, 700]	0.170347003155
[700, 800]	0.583596214511
[800, 900]	0.116719242902
[900, 1000]	0
[1000, 1100]	0
[1100, 1200]	0
[1200, 1300]	0
