altitude	frequency
400	0
500	0.969111969112
600	0.030888030888
700	0
800	0
900	0
1000	0
1100	0
1200	0
1300	0
