altitude	frequency
400	0
500	0
600	0
700	0.966010733453
800	0.0339892665474
900	0
1000	0
1100	0
1200	0
1300	0
