altitude	frequency
[300, 400]	0
[400, 500]	0
[500, 600]	0
[600, 700]	0.510869565217
[700, 800]	0.367753623188
[800, 900]	0.0126811594203
[900, 1000]	0.00724637681159
[1000, 1100]	0.101449275362
[1100, 1200]	0
[1200, 1300]	0
