altitude	frequency
800	0
900	0
1000	0.727272727273
1100	0.265550239234
1200	0.00717703349282
1300	0
1400	0
1500	0
1600	0
1700	0
