altitude	frequency
400	0
500	0
600	0
700	0
800	0.00297872340426
900	0.0459574468085
1000	0.293191489362
1100	0.657872340426
1200	0
1300	0
