altitude	frequency
400	0
500	0
600	0.106267029973
700	0.893732970027
800	0
900	0
1000	0
1100	0
1200	0
1300	0
