altitude	frequency
[300, 400]	0
[400, 500]	0
[500, 600]	0
[600, 700]	0
[700, 800]	0.00297872340426
[800, 900]	0.0459574468085
[900, 1000]	0.293191489362
[1000, 1100]	0.657872340426
[1100, 1200]	0
[1200, 1300]	0
