altitude	frequency
800	0
900	0
1000	0
1100	0
1200	0
1300	0.465753424658
1400	0.470319634703
1500	0.0639269406393
1600	0
1700	0
