altitude	frequency
400	0.595811518325
500	0.404188481675
600	0
700	0
800	0
900	0
1000	0
1100	0
1200	0
1300	0
