altitude	frequency
[300, 400]	0
[400, 500]	0.080971659919
[500, 600]	0.116396761134
[600, 700]	0.757085020243
[700, 800]	0.0455465587045
[800, 900]	0
[900, 1000]	0
[1000, 1100]	0
[1100, 1200]	0
[1200, 1300]	0
