altitude	frequency
400	0
500	0
600	0
700	0
800	0.771587743733
900	0.228412256267
1000	0
1100	0
1200	0
1300	0
