altitude	frequency
400	0
500	0
600	0.221757322176
700	0.573221757322
800	0.150627615063
900	0
1000	0.0543933054393
1100	0
1200	0
1300	0
