altitude	frequency
400	0
500	0
600	0
700	0
800	0
900	0
1000	0.339622641509
1100	0.581761006289
1200	0.0786163522013
1300	0
