altitude	frequency
[300, 400]	0
[400, 500]	0.135076252723
[500, 600]	0.851851851852
[600, 700]	0.00217864923747
[700, 800]	0.0108932461874
[800, 900]	0
[900, 1000]	0
[1000, 1100]	0
[1100, 1200]	0
[1200, 1300]	0
