altitude	frequency
800	0
900	0
1000	0.0456140350877
1100	0.954385964912
1200	0
1300	0
1400	0
1500	0
1600	0
1700	0
