altitude	frequency
800	0
900	0
1000	0
1100	0.505359877489
1200	0.343032159265
1300	0.151607963247
1400	0
1500	0
1600	0
1700	0
