altitude	frequency
400	0
500	0.568306010929
600	0.431693989071
700	0
800	0
900	0
1000	0
1100	0
1200	0
1300	0
