altitude	frequency
800	0
900	0
1000	0.586259541985
1100	0.250381679389
1200	0.119083969466
1300	0.0442748091603
1400	0
1500	0
1600	0
1700	0
