altitude	frequency
800	0
900	0
1000	0.980263157895
1100	0
1200	0
1300	0.0197368421053
1400	0
1500	0
1600	0
1700	0
