altitude	frequency
400	0
500	0.492307692308
600	0.492307692308
700	0.0153846153846
800	0
900	0
1000	0
1100	0
1200	0
1300	0
