altitude	frequency
400	0
500	0
600	0
700	0
800	0
900	0
1000	0
1100	0.262411347518
1200	0.141843971631
1300	0.595744680851
