altitude	frequency
400	0
500	0.910071942446
600	0.089928057554
700	0
800	0
900	0
1000	0
1100	0
1200	0
1300	0
