altitude	frequency
800	0
900	0
1000	0
1100	0
1200	0
1300	0
1400	0
1500	0.262411347518
1600	0.141843971631
1700	0.595744680851
