altitude	frequency
800	0
900	0
1000	0
1100	0
1200	0.943396226415
1300	0.0377358490566
1400	0.0188679245283
1500	0
1600	0
1700	0
