altitude	frequency
400	0
500	0
600	0.0016339869281
700	0.919934640523
800	0.078431372549
900	0
1000	0
1100	0
1200	0
1300	0
