altitude	frequency
800	0
900	0
1000	0.936708860759
1100	0.0379746835443
1200	0.0253164556962
1300	0
1400	0
1500	0
1600	0
1700	0
