altitude	frequency
400	0.9723183391
500	0.0276816608997
600	0
700	0
800	0
900	0
1000	0
1100	0
1200	0
1300	0
