altitude	frequency
800	0
900	0.807174887892
1000	0.192825112108
1100	0
1200	0
1300	0
1400	0
1500	0
1600	0
1700	0
