altitude	frequency
[300, 400]	0
[400, 500]	0
[500, 600]	0
[600, 700]	0
[700, 800]	0
[800, 900]	0
[900, 1000]	0.00102459016393
[1000, 1100]	0.504098360656
[1100, 1200]	0.259221311475
[1200, 1300]	0.235655737705
