altitude	frequency
400	0
500	0.911680911681
600	0.0868945868946
700	0
800	0.0014245014245
900	0
1000	0
1100	0
1200	0
1300	0
