altitude	frequency
800	0
900	0
1000	0
1100	0
1200	0.996835443038
1300	0.00316455696203
1400	0
1500	0
1600	0
1700	0
