altitude	frequency
800	0
900	0
1000	0
1100	0.516129032258
1200	0.306451612903
1300	0.177419354839
1400	0
1500	0
1600	0
1700	0
