altitude	frequency
400	0
500	0
600	0
700	0.996240601504
800	0.00375939849624
900	0
1000	0
1100	0
1200	0
1300	0
