altitude	frequency
800	0
900	0
1000	0
1100	0
1200	0
1300	0
1400	0.339622641509
1500	0.581761006289
1600	0.0786163522013
1700	0
