altitude	frequency
[300, 400]	0
[400, 500]	0.492307692308
[500, 600]	0.492307692308
[600, 700]	0.0153846153846
[700, 800]	0
[800, 900]	0
[900, 1000]	0
[1000, 1100]	0
[1100, 1200]	0
[1200, 1300]	0
