altitude	frequency
400	0
500	0
600	0
700	0
800	0
900	0.109452736318
1000	0.850746268657
1100	0.0398009950249
1200	0
1300	0
