altitude	frequency
800	0.139726027397
900	0.860273972603
1000	0
1100	0
1200	0
1300	0
1400	0
1500	0
1600	0
1700	0
