altitude	frequency
800	0
900	0
1000	0
1100	0
1200	0
1300	0
1400	0
1500	0
1600	0.149425287356
1700	0.850574712644
