altitude	frequency
800	0
900	0.316326530612
1000	0.683673469388
1100	0
1200	0
1300	0
1400	0
1500	0
1600	0
1700	0
