altitude	frequency
400	0
500	0
600	0.936708860759
700	0.0379746835443
800	0.0253164556962
900	0
1000	0
1100	0
1200	0
1300	0
