altitude	frequency
800	0
900	0
1000	0.106267029973
1100	0.893732970027
1200	0
1300	0
1400	0
1500	0
1600	0
1700	0
