altitude	frequency
400	0
500	0
600	0.866459627329
700	0
800	0.116459627329
900	0.0108695652174
1000	0.00621118012422
1100	0
1200	0
1300	0
