altitude	frequency
800	0
900	0
1000	0
1100	0
1200	0
1300	0.109452736318
1400	0.850746268657
1500	0.0398009950249
1600	0
1700	0
