altitude	frequency
800	0
900	0
1000	0
1100	0
1200	0
1300	0
1400	0.125
1500	0.34375
1600	0.53125
1700	0
