altitude	frequency
800	0
900	0
1000	0.221757322176
1100	0.573221757322
1200	0.150627615063
1300	0
1400	0.0543933054393
1500	0
1600	0
1700	0
