altitude	frequency
800	0
900	0.582582582583
1000	0.417417417417
1100	0
1200	0
1300	0
1400	0
1500	0
1600	0
1700	0
