altitude	frequency
800	0
900	0.0200364298725
1000	0.979963570128
1100	0
1200	0
1300	0
1400	0
1500	0
1600	0
1700	0
