altitude	frequency
800	0
900	0
1000	0
1100	0
1200	0
1300	0
1400	0.17017208413
1500	0.625239005736
1600	0.204588910134
1700	0
