altitude	frequency
400	0
500	0
600	0.266666666667
700	0.521428571429
800	0.211904761905
900	0
1000	0
1100	0
1200	0
1300	0
