altitude	frequency
400	0
500	0
600	0.985074626866
700	0.0149253731343
800	0
900	0
1000	0
1100	0
1200	0
1300	0
