altitude	frequency
400	0
500	0.0342465753425
600	0.852739726027
700	0.11301369863
800	0
900	0
1000	0
1100	0
1200	0
1300	0
