altitude	frequency
800	0
900	0.911680911681
1000	0.0868945868946
1100	0
1200	0.0014245014245
1300	0
1400	0
1500	0
1600	0
1700	0
