altitude	frequency
800	0
900	0.969111969112
1000	0.030888030888
1100	0
1200	0
1300	0
1400	0
1500	0
1600	0
1700	0
