altitude	frequency
[300, 400]	0
[400, 500]	0
[500, 600]	0.685714285714
[600, 700]	0.0857142857143
[700, 800]	0
[800, 900]	0.0761904761905
[900, 1000]	0.0761904761905
[1000, 1100]	0.0761904761905
[1100, 1200]	0
[1200, 1300]	0
