altitude	frequency
[300, 400]	0
[400, 500]	0
[500, 600]	0.866459627329
[600, 700]	0
[700, 800]	0.116459627329
[800, 900]	0.0108695652174
[900, 1000]	0.00621118012422
[1000, 1100]	0
[1100, 1200]	0
[1200, 1300]	0
