altitude	frequency
400	0
500	0
600	0
700	0
800	0
900	0
1000	0
1100	0.381395348837
1200	0.558139534884
1300	0.0604651162791
