altitude	frequency
400	0
500	0.01261829653
600	0.116719242902
700	0.170347003155
800	0.583596214511
900	0.116719242902
1000	0
1100	0
1200	0
1300	0
