altitude	frequency
400	0
500	0
600	0.980263157895
700	0
800	0
900	0.0197368421053
1000	0
1100	0
1200	0
1300	0
