altitude	frequency
800	0
900	0
1000	0.98347107438
1100	0.0165289256198
1200	0
1300	0
1400	0
1500	0
1600	0
1700	0
