altitude	frequency
800	0
900	0
1000	0
1100	0.996240601504
1200	0.00375939849624
1300	0
1400	0
1500	0
1600	0
1700	0
