altitude	frequency
800	0
900	0
1000	0
1100	0
1200	0.00297872340426
1300	0.0459574468085
1400	0.293191489362
1500	0.657872340426
1600	0
1700	0
