altitude	frequency
400	0
500	0
600	0.604938271605
700	0.395061728395
800	0
900	0
1000	0
1100	0
1200	0
1300	0
