altitude	frequency
400	0
500	0
600	0
700	0
800	0
900	0
1000	0.17017208413
1100	0.625239005736
1200	0.204588910134
1300	0
