altitude	frequency
400	0.862595419847
500	0.137404580153
600	0
700	0
800	0
900	0
1000	0
1100	0
1200	0
1300	0
