altitude	frequency
800	0
900	0
1000	0
1100	0.0708446866485
1200	0.899182561308
1300	0.0299727520436
1400	0
1500	0
1600	0
1700	0
