altitude	frequency
400	0
500	0
600	0
700	0
800	0.985637342908
900	0.0143626570916
1000	0
1100	0
1200	0
1300	0
