altitude	frequency
400	0
500	0
600	0.0408163265306
700	0.956268221574
800	0.00291545189504
900	0
1000	0
1100	0
1200	0
1300	0
