altitude	frequency
800	0
900	0
1000	0
1100	0.510869565217
1200	0.367753623188
1300	0.0126811594203
1400	0.00724637681159
1500	0.101449275362
1600	0
1700	0
