altitude	frequency
400	0
500	0
600	0
700	0
800	0.943396226415
900	0.0377358490566
1000	0.0188679245283
1100	0
1200	0
1300	0
