altitude	frequency
400	0.780172413793
500	0.219827586207
600	0
700	0
800	0
900	0
1000	0
1100	0
1200	0
1300	0
