altitude	frequency
400	0.710227272727
500	0.289772727273
600	0
700	0
800	0
900	0
1000	0
1100	0
1200	0
1300	0
