altitude	frequency
400	0
500	0
600	0
700	0
800	0
900	0
1000	0.125
1100	0.34375
1200	0.53125
1300	0
