altitude	frequency
800	0
900	0
1000	0
1100	0
1200	0
1300	0.110787172012
1400	0.696793002915
1500	0.192419825073
1600	0
1700	0
