altitude	frequency
[300, 400]	0
[400, 500]	0
[500, 600]	0.936708860759
[600, 700]	0.0379746835443
[700, 800]	0.0253164556962
[800, 900]	0
[900, 1000]	0
[1000, 1100]	0
[1100, 1200]	0
[1200, 1300]	0
