altitude	frequency
400	0
500	0
600	0
700	0
800	0.144781144781
900	0.855218855219
1000	0
1100	0
1200	0
1300	0
