altitude	frequency
[300, 400]	0
[400, 500]	0
[500, 600]	0.221757322176
[600, 700]	0.573221757322
[700, 800]	0.150627615063
[800, 900]	0
[900, 1000]	0.0543933054393
[1000, 1100]	0
[1100, 1200]	0
[1200, 1300]	0
