altitude	frequency
800	0
900	0
1000	0
1100	0.402892561983
1200	0.597107438017
1300	0
1400	0
1500	0
1600	0
1700	0
