altitude	frequency
800	0.595811518325
900	0.404188481675
1000	0
1100	0
1200	0
1300	0
1400	0
1500	0
1600	0
1700	0
