altitude	frequency
400	0
500	0
600	0
700	0
800	0
900	0
1000	0
1100	0.118852459016
1200	0.803278688525
1300	0.077868852459
