altitude	frequency
800	0
900	0
1000	0
1100	0.313513513514
1200	0.12972972973
1300	0.556756756757
1400	0
1500	0
1600	0
1700	0
