altitude	frequency
400	0
500	0
600	0.00943396226415
700	0.896226415094
800	0.0943396226415
900	0
1000	0
1100	0
1200	0
1300	0
