altitude	frequency
800	0
900	0.492307692308
1000	0.492307692308
1100	0.0153846153846
1200	0
1300	0
1400	0
1500	0
1600	0
1700	0
