altitude	frequency
800	0
900	0.01261829653
1000	0.116719242902
1100	0.170347003155
1200	0.583596214511
1300	0.116719242902
1400	0
1500	0
1600	0
1700	0
