altitude	frequency
800	0
900	0
1000	0
1100	0
1200	0
1300	0.494163424125
1400	0.505836575875
1500	0
1600	0
1700	0
