altitude	frequency
400	0
500	0.135076252723
600	0.851851851852
700	0.00217864923747
800	0.0108932461874
900	0
1000	0
1100	0
1200	0
1300	0
