altitude	frequency
800	0
900	0.135076252723
1000	0.851851851852
1100	0.00217864923747
1200	0.0108932461874
1300	0
1400	0
1500	0
1600	0
1700	0
