altitude	frequency
400	0
500	0
600	0
700	0.510869565217
800	0.367753623188
900	0.0126811594203
1000	0.00724637681159
1100	0.101449275362
1200	0
1300	0
