altitude	frequency
400	0
500	0
600	0.586259541985
700	0.250381679389
800	0.119083969466
900	0.0442748091603
1000	0
1100	0
1200	0
1300	0
