altitude	frequency
[300, 400]	0
[400, 500]	0
[500, 600]	0
[600, 700]	0
[700, 800]	0.943396226415
[800, 900]	0.0377358490566
[900, 1000]	0.0188679245283
[1000, 1100]	0
[1100, 1200]	0
[1200, 1300]	0
