altitude	frequency
400	0
500	0
600	0.0440528634361
700	0.903083700441
800	0.0528634361233
900	0
1000	0
1100	0
1200	0
1300	0
