altitude	frequency
800	0
900	0
1000	0
1100	0
1200	0
1300	0
1400	0.00102459016393
1500	0.504098360656
1600	0.259221311475
1700	0.235655737705
