altitude	frequency
400	0
500	0.080971659919
600	0.116396761134
700	0.757085020243
800	0.0455465587045
900	0
1000	0
1100	0
1200	0
1300	0
