altitude	frequency
400	0
500	0
600	0.685714285714
700	0.0857142857143
800	0
900	0.0761904761905
1000	0.0761904761905
1100	0.0761904761905
1200	0
1300	0
