altitude	frequency
800	0
900	0
1000	0.0440528634361
1100	0.903083700441
1200	0.0528634361233
1300	0
1400	0
1500	0
1600	0
1700	0
