altitude	frequency
400	0
500	0
600	0.727272727273
700	0.265550239234
800	0.00717703349282
900	0
1000	0
1100	0
1200	0
1300	0
