altitude	frequency
[300, 400]	0
[400, 500]	0
[500, 600]	0
[600, 700]	0
[700, 800]	0
[800, 900]	0
[900, 1000]	0.125
[1000, 1100]	0.34375
[1100, 1200]	0.53125
[1200, 1300]	0
