altitude	frequency
400	0
500	0
600	0
700	0
800	0
900	0
1000	0.00102459016393
1100	0.504098360656
1200	0.259221311475
1300	0.235655737705
