altitude	frequency
400	0
500	0
600	0
700	0.313513513514
800	0.12972972973
900	0.556756756757
1000	0
1100	0
1200	0
1300	0
