altitude	frequency
800	0
900	0.0342465753425
1000	0.852739726027
1100	0.11301369863
1200	0
1300	0
1400	0
1500	0
1600	0
1700	0
