altitude	frequency
800	0
900	0
1000	0
1100	0
1200	0.771587743733
1300	0.228412256267
1400	0
1500	0
1600	0
1700	0
