altitude	frequency
800	0
900	0
1000	0.866459627329
1100	0
1200	0.116459627329
1300	0.0108695652174
1400	0.00621118012422
1500	0
1600	0
1700	0
