altitude	frequency
800	0.600734670811
900	0.399265329189
1000	0
1100	0
1200	0
1300	0
1400	0
1500	0
1600	0
1700	0
