altitude	frequency
400	0
500	0
600	0
700	0.505359877489
800	0.343032159265
900	0.151607963247
1000	0
1100	0
1200	0
1300	0
