altitude	frequency
[300, 400]	0
[400, 500]	0
[500, 600]	0.586259541985
[600, 700]	0.250381679389
[700, 800]	0.119083969466
[800, 900]	0.0442748091603
[900, 1000]	0
[1000, 1100]	0
[1100, 1200]	0
[1200, 1300]	0
