altitude	frequency
400	0
500	0
600	0
700	0.516129032258
800	0.306451612903
900	0.177419354839
1000	0
1100	0
1200	0
1300	0
