altitude	frequency
400	0
500	0
600	0
700	0.0708446866485
800	0.899182561308
900	0.0299727520436
1000	0
1100	0
1200	0
1300	0
