altitude	frequency
400	0
500	0
600	0
700	0
800	0
900	0.110787172012
1000	0.696793002915
1100	0.192419825073
1200	0
1300	0
