altitude	frequency
[300, 400]	0
[400, 500]	0
[500, 600]	0
[600, 700]	0
[700, 800]	0.144781144781
[800, 900]	0.855218855219
[900, 1000]	0
[1000, 1100]	0
[1100, 1200]	0
[1200, 1300]	0
