altitude	frequency
[300, 400]	0
[400, 500]	0
[500, 600]	0.979274611399
[600, 700]	0.020725388601
[700, 800]	0
[800, 900]	0
[900, 1000]	0
[1000, 1100]	0
[1100, 1200]	0
[1200, 1300]	0
