altitude	frequency
800	0
900	0
1000	0.887755102041
1100	0.102040816327
1200	0.0102040816327
1300	0
1400	0
1500	0
1600	0
1700	0
