altitude	frequency
800	0
900	0.661637931034
1000	0.338362068966
1100	0
1200	0
1300	0
1400	0
1500	0
1600	0
1700	0
