altitude	frequency
400	0
500	0
600	0.887755102041
700	0.102040816327
800	0.0102040816327
900	0
1000	0
1100	0
1200	0
1300	0
