altitude	frequency
800	0
900	0
1000	0.685714285714
1100	0.0857142857143
1200	0
1300	0.0761904761905
1400	0.0761904761905
1500	0.0761904761905
1600	0
1700	0
