altitude	frequency
800	0
900	0.080971659919
1000	0.116396761134
1100	0.757085020243
1200	0.0455465587045
1300	0
1400	0
1500	0
1600	0
1700	0
