altitude	frequency
800	0
900	0
1000	0.266666666667
1100	0.521428571429
1200	0.211904761905
1300	0
1400	0
1500	0
1600	0
1700	0
