altitude	frequency
800	0
900	0
1000	0
1100	0.966010733453
1200	0.0339892665474
1300	0
1400	0
1500	0
1600	0
1700	0
