vegetation	frequency
250	0
750	0
1250	0
1750	0.00910746812386
2250	0.724954462659
2750	0.0528233151184
3250	0
3750	0.0728597449909
4250	0.100182149362
4750	0.0255009107468
5250	0.0145719489982
5750	0
6250	0
6750	0
7250	0
7750	0
8250	0
