vegetation	frequency
250	0
750	0
1250	0.00127931769723
1750	0.257569296375
2250	0.518976545842
2750	0.115991471215
3250	0.00724946695096
3750	0.00213219616205
4250	0.0251599147122
4750	0.0584221748401
5250	0.0127931769723
5750	0.000426439232409
6250	0
6750	0
7250	0
7750	0
8250	0
