vegetation	frequency
250	0
750	0
1250	0
1750	0.00437317784257
2250	0.502915451895
2750	0.34693877551
3250	0.0583090379009
3750	0.0160349854227
4250	0.0437317784257
4750	0.0131195335277
5250	0.0145772594752
5750	0
6250	0
6750	0
7250	0
7750	0
8250	0
