vegetation	frequency
[-250, 250]	0
[250, 750]	0.00634249471459
[750, 1250]	0.0274841437632
[1250, 1750]	0.0866807610994
[1750, 2250]	0.408033826638
[2250, 2750]	0.167019027484
[2750, 3250]	0.0718816067653
[3250, 3750]	0
[3750, 4250]	0.0887949260042
[4250, 4750]	0.143763213531
[4750, 5250]	0
[5250, 5750]	0
[5750, 6250]	0
[6250, 6750]	0
[6750, 7250]	0
[7250, 7750]	0
[7750, 8250]	0
