vegetation	frequency
250	0
750	0
1250	0
1750	0
2250	0.614678899083
2750	0.217889908257
3250	0.0229357798165
3750	0.0412844036697
4250	0.103211009174
4750	0
5250	0
5750	0
6250	0
6750	0
7250	0
7750	0
8250	0
