vegetation	frequency
250	0
750	0
1250	0
1750	0.63768115942
2250	0.188405797101
2750	0
3250	0
3750	0
4250	0.0289855072464
4750	0.0869565217391
5250	0.0579710144928
5750	0
6250	0
6750	0
7250	0
7750	0
8250	0
