vegetation	frequency
[-250, 250]	0
[250, 750]	0.00896860986547
[750, 1250]	0.0919282511211
[1250, 1750]	0.354260089686
[1750, 2250]	0.286995515695
[2250, 2750]	0.067264573991
[2750, 3250]	0.0515695067265
[3250, 3750]	0.0784753363229
[3750, 4250]	0.0538116591928
[4250, 4750]	0.0067264573991
[4750, 5250]	0
[5250, 5750]	0
[5750, 6250]	0
[6250, 6750]	0
[6750, 7250]	0
[7250, 7750]	0
[7750, 8250]	0
