vegetation	frequency
250	0
750	0
1250	0
1750	0.169230769231
2250	0.657692307692
2750	0.0538461538462
3250	0
3750	0.00384615384615
4250	0.0423076923077
4750	0.0576923076923
5250	0.0153846153846
5750	0
6250	0
6750	0
7250	0
7750	0
8250	0
