vegetation	frequency
[-250, 250]	0
[250, 750]	0
[750, 1250]	0
[1250, 1750]	0.139585605234
[1750, 2250]	0.603053435115
[2250, 2750]	0.0905125408942
[2750, 3250]	0.0185387131952
[3250, 3750]	0.00654307524537
[3750, 4250]	0.051254089422
[4250, 4750]	0.0359869138495
[4750, 5250]	0.0141766630316
[5250, 5750]	0.0348964013086
[5750, 6250]	0.00545256270447
[6250, 6750]	0
[6750, 7250]	0
[7250, 7750]	0
[7750, 8250]	0
