vegetation	frequency
[-250, 250]	0.00359712230216
[250, 750]	0.0287769784173
[750, 1250]	0.178057553957
[1250, 1750]	0.31654676259
[1750, 2250]	0.390287769784
[2250, 2750]	0.0827338129496
[2750, 3250]	0
[3250, 3750]	0
[3750, 4250]	0
[4250, 4750]	0
[4750, 5250]	0
[5250, 5750]	0
[5750, 6250]	0
[6250, 6750]	0
[6750, 7250]	0
[7250, 7750]	0
[7750, 8250]	0
