vegetation	frequency
[-250, 250]	0
[250, 750]	0
[750, 1250]	0
[1250, 1750]	0.48710990502
[1750, 2250]	0.457259158752
[2250, 2750]	0.0176390773406
[2750, 3250]	0.00814111261872
[3250, 3750]	0.0067842605156
[3750, 4250]	0.0230664857531
[4250, 4750]	0
[4750, 5250]	0
[5250, 5750]	0
[5750, 6250]	0
[6250, 6750]	0
[6750, 7250]	0
[7250, 7750]	0
[7750, 8250]	0
