vegetation	frequency
[-250, 250]	0
[250, 750]	0
[750, 1250]	0
[1250, 1750]	0.0889570552147
[1750, 2250]	0.481595092025
[2250, 2750]	0.00306748466258
[2750, 3250]	0.153374233129
[3250, 3750]	0.0306748466258
[3750, 4250]	0.205521472393
[4250, 4750]	0.0368098159509
[4750, 5250]	0
[5250, 5750]	0
[5750, 6250]	0
[6250, 6750]	0
[6750, 7250]	0
[7250, 7750]	0
[7750, 8250]	0
