vegetation	frequency
[-250, 250]	0
[250, 750]	0
[750, 1250]	0
[1250, 1750]	0.480701754386
[1750, 2250]	0.284210526316
[2250, 2750]	0.00701754385965
[2750, 3250]	0.0456140350877
[3250, 3750]	0.0877192982456
[3750, 4250]	0.0842105263158
[4250, 4750]	0
[4750, 5250]	0.0105263157895
[5250, 5750]	0
[5750, 6250]	0
[6250, 6750]	0
[6750, 7250]	0
[7250, 7750]	0
[7750, 8250]	0
