vegetation	frequency
[-250, 250]	0
[250, 750]	0.00943396226415
[750, 1250]	0.0433962264151
[1250, 1750]	0.145283018868
[1750, 2250]	0.516981132075
[2250, 2750]	0.0452830188679
[2750, 3250]	0.0924528301887
[3250, 3750]	0.0660377358491
[3750, 4250]	0.0433962264151
[4250, 4750]	0.0320754716981
[4750, 5250]	0.00566037735849
[5250, 5750]	0
[5750, 6250]	0
[6250, 6750]	0
[6750, 7250]	0
[7250, 7750]	0
[7750, 8250]	0
