vegetation	frequency
250	0.0025974025974
750	0.0155844155844
1250	0.145454545455
1750	0.324675324675
2250	0.257142857143
2750	0.0545454545455
3250	0.111688311688
3750	0.0363636363636
4250	0.0519480519481
4750	0
5250	0
5750	0
6250	0
6750	0
7250	0
7750	0
8250	0
