vegetation	frequency
[-250, 250]	0
[250, 750]	0
[750, 1250]	0
[1250, 1750]	0.142517814727
[1750, 2250]	0.681710213777
[2250, 2750]	0.0285035629454
[2750, 3250]	0.0475059382423
[3250, 3750]	0.0403800475059
[3750, 4250]	0.0451306413302
[4250, 4750]	0.0142517814727
[4750, 5250]	0
[5250, 5750]	0
[5750, 6250]	0
[6250, 6750]	0
[6750, 7250]	0
[7250, 7750]	0
[7750, 8250]	0
