vegetation	frequency
250	0
750	0
1250	0
1750	0.555555555556
2250	0.165656565657
2750	0.0141414141414
3250	0.0363636363636
3750	0.125252525253
4250	0.10303030303
4750	0
5250	0
5750	0
6250	0
6750	0
7250	0
7750	0
8250	0
