vegetation	frequency
250	0
750	0
1250	0
1750	0
2250	0.255813953488
2750	0.511627906977
3250	0.116279069767
3750	0.116279069767
4250	0
4750	0
5250	0
5750	0
6250	0
6750	0
7250	0
7750	0
8250	0
