vegetation	frequency
250	0
750	0
1250	0
1750	0.139585605234
2250	0.603053435115
2750	0.0905125408942
3250	0.0185387131952
3750	0.00654307524537
4250	0.051254089422
4750	0.0359869138495
5250	0.0141766630316
5750	0.0348964013086
6250	0.00545256270447
6750	0
7250	0
7750	0
8250	0
