vegetation	frequency
250	0
750	0
1250	0
1750	0.526315789474
2250	0.233552631579
2750	0.00986842105263
3250	0.131578947368
3750	0.0592105263158
4250	0.0230263157895
4750	0.0164473684211
5250	0
5750	0
6250	0
6750	0
7250	0
7750	0
8250	0
