vegetation	frequency
250	0
750	0
1250	0
1750	0.386824324324
2250	0.435810810811
2750	0.00506756756757
3250	0.0785472972973
3750	0.0625
4250	0.0253378378378
4750	0.00591216216216
5250	0
5750	0
6250	0
6750	0
7250	0
7750	0
8250	0
