vegetation	frequency
250	0
750	0
1250	0
1750	0.293548387097
2250	0.42688172043
2750	0.0666666666667
3250	0.00645161290323
3750	0.00537634408602
4250	0.0537634408602
4750	0.0677419354839
5250	0.0569892473118
5750	0.0225806451613
6250	0
6750	0
7250	0
7750	0
8250	0
