vegetation	frequency
250	0.00879765395894
750	0
1250	0.0615835777126
1750	0.442815249267
2250	0.187683284457
2750	0.137829912023
3250	0.0850439882698
3750	0.0557184750733
4250	0.0205278592375
4750	0
5250	0
5750	0
6250	0
6750	0
7250	0
7750	0
8250	0
