vegetation	frequency
250	0
750	0
1250	0.171779141104
1750	0.368098159509
2250	0.322085889571
2750	0.122699386503
3250	0.0153374233129
3750	0
4250	0
4750	0
5250	0
5750	0
6250	0
6750	0
7250	0
7750	0
8250	0
