vegetation	frequency
[-250, 250]	0.0127388535032
[250, 750]	0.00636942675159
[750, 1250]	0.184713375796
[1250, 1750]	0.197452229299
[1750, 2250]	0.28025477707
[2250, 2750]	0.12101910828
[2750, 3250]	0
[3250, 3750]	0.0445859872611
[3750, 4250]	0.0636942675159
[4250, 4750]	0.0509554140127
[4750, 5250]	0.0382165605096
[5250, 5750]	0
[5750, 6250]	0
[6250, 6750]	0
[6750, 7250]	0
[7250, 7750]	0
[7750, 8250]	0
