vegetation	frequency
[-250, 250]	0
[250, 750]	0
[750, 1250]	0.00995024875622
[1250, 1750]	0.0328358208955
[1750, 2250]	0.467661691542
[2250, 2750]	0.260696517413
[2750, 3250]	0.0726368159204
[3250, 3750]	0.01592039801
[3750, 4250]	0.0467661691542
[4250, 4750]	0.0606965174129
[4750, 5250]	0.0278606965174
[5250, 5750]	0.00199004975124
[5750, 6250]	0
[6250, 6750]	0.00298507462687
[6750, 7250]	0
[7250, 7750]	0
[7750, 8250]	0
