vegetation	frequency
250	0
750	0
1250	0
1750	0.283154121864
2250	0.397849462366
2750	0.0430107526882
3250	0.0573476702509
3750	0.193548387097
4250	0.0250896057348
4750	0
5250	0
5750	0
6250	0
6750	0
7250	0
7750	0
8250	0
