vegetation	frequency
250	0
750	0
1250	0
1750	0.48710990502
2250	0.457259158752
2750	0.0176390773406
3250	0.00814111261872
3750	0.0067842605156
4250	0.0230664857531
4750	0
5250	0
5750	0
6250	0
6750	0
7250	0
7750	0
8250	0
