vegetation	frequency
[-250, 250]	0
[250, 750]	0
[750, 1250]	0
[1250, 1750]	0
[1750, 2250]	0.558441558442
[2250, 2750]	0.155844155844
[2750, 3250]	0.0779220779221
[3250, 3750]	0.181818181818
[3750, 4250]	0.025974025974
[4250, 4750]	0
[4750, 5250]	0
[5250, 5750]	0
[5750, 6250]	0
[6250, 6750]	0
[6750, 7250]	0
[7250, 7750]	0
[7750, 8250]	0
