vegetation	frequency
[-250, 250]	0
[250, 750]	0
[750, 1250]	0
[1250, 1750]	0.00437317784257
[1750, 2250]	0.502915451895
[2250, 2750]	0.34693877551
[2750, 3250]	0.0583090379009
[3250, 3750]	0.0160349854227
[3750, 4250]	0.0437317784257
[4250, 4750]	0.0131195335277
[4750, 5250]	0.0145772594752
[5250, 5750]	0
[5750, 6250]	0
[6250, 6750]	0
[6750, 7250]	0
[7250, 7750]	0
[7750, 8250]	0
