vegetation	frequency
[-250, 250]	0
[250, 750]	0
[750, 1250]	0
[1250, 1750]	0.491349480969
[1750, 2250]	0.318339100346
[2250, 2750]	0.00692041522491
[2750, 3250]	0.0588235294118
[3250, 3750]	0.0519031141869
[3750, 4250]	0.0692041522491
[4250, 4750]	0.00346020761246
[4750, 5250]	0
[5250, 5750]	0
[5750, 6250]	0
[6250, 6750]	0
[6750, 7250]	0
[7250, 7750]	0
[7750, 8250]	0
