vegetation	frequency
250	0
750	0.00644122383253
1250	0.0399355877617
1750	0.855716586151
2250	0.077616747182
2750	0.00225442834138
3250	0.0125603864734
3750	0.00547504025765
4250	0
4750	0
5250	0
5750	0
6250	0
6750	0
7250	0
7750	0
8250	0
