vegetation	frequency
250	0
750	0
1250	0
1750	0.0102040816327
2250	0.540816326531
2750	0.336734693878
3250	0.0918367346939
3750	0.0204081632653
4250	0
4750	0
5250	0
5750	0
6250	0
6750	0
7250	0
7750	0
8250	0
