vegetation	frequency
250	0
750	0
1250	0
1750	0.216783216783
2250	0.545454545455
2750	0.00699300699301
3250	0.104895104895
3750	0.118881118881
4250	0.00699300699301
4750	0
5250	0
5750	0
6250	0
6750	0
7250	0
7750	0
8250	0
