vegetation	frequency
[-250, 250]	0
[250, 750]	0
[750, 1250]	0
[1250, 1750]	0.117346938776
[1750, 2250]	0.627551020408
[2250, 2750]	0.015306122449
[2750, 3250]	0
[3250, 3750]	0.122448979592
[3750, 4250]	0.0765306122449
[4250, 4750]	0.0357142857143
[4750, 5250]	0.00510204081633
[5250, 5750]	0
[5750, 6250]	0
[6250, 6750]	0
[6750, 7250]	0
[7250, 7750]	0
[7750, 8250]	0
