vegetation	frequency
250	0
750	0
1250	0
1750	0.00416666666667
2250	0.516666666667
2750	0.477083333333
3250	0
3750	0
4250	0.00208333333333
4750	0
5250	0
5750	0
6250	0
6750	0
7250	0
7750	0
8250	0
