vegetation	frequency
[-250, 250]	0
[250, 750]	0
[750, 1250]	0
[1250, 1750]	0.634703196347
[1750, 2250]	0.10502283105
[2250, 2750]	0.00228310502283
[2750, 3250]	0.0205479452055
[3250, 3750]	0.0662100456621
[3750, 4250]	0.0867579908676
[4250, 4750]	0.0662100456621
[4750, 5250]	0.0182648401826
[5250, 5750]	0
[5750, 6250]	0
[6250, 6750]	0
[6750, 7250]	0
[7250, 7750]	0
[7750, 8250]	0
