vegetation	frequency
250	0
750	0
1250	0
1750	0.635327635328
2250	0.119658119658
2750	0
3250	0
3750	0
4250	0.0769230769231
4750	0.159544159544
5250	0.00854700854701
5750	0
6250	0
6750	0
7250	0
7750	0
8250	0
