vegetation	frequency
250	0
750	0
1250	0.000686341798216
1750	0.0391214824983
2250	0.620452985587
2750	0.131777625257
3250	0.00343170899108
3750	0.0501029512697
4250	0.0967741935484
4750	0.0459849004804
5250	0.00823610157859
5750	0.00343170899108
6250	0
6750	0
7250	0
7750	0
8250	0
