vegetation	frequency
250	0
750	0.00177304964539
1250	0.0195035460993
1750	0.54609929078
2250	0.274822695035
2750	0.124113475177
3250	0.031914893617
3750	0.00177304964539
4250	0
4750	0
5250	0
5750	0
6250	0
6750	0
7250	0
7750	0
8250	0
