vegetation	frequency
250	0
750	0
1250	0
1750	0.0540037243948
2250	0.670391061453
2750	0.135940409683
3250	0
3750	0.00372439478585
4250	0.00931098696462
4750	0.0335195530726
5250	0.072625698324
5750	0.0204841713222
6250	0
6750	0
7250	0
7750	0
8250	0
