vegetation	frequency
250	0
750	0
1250	0
1750	0.0536044362292
2250	0.778188539741
2750	0.162661737523
3250	0.00369685767098
3750	0.00184842883549
4250	0
4750	0
5250	0
5750	0
6250	0
6750	0
7250	0
7750	0
8250	0
