vegetation	frequency
250	0
750	0
1250	0
1750	0.634703196347
2250	0.10502283105
2750	0.00228310502283
3250	0.0205479452055
3750	0.0662100456621
4250	0.0867579908676
4750	0.0662100456621
5250	0.0182648401826
5750	0
6250	0
6750	0
7250	0
7750	0
8250	0
