vegetation	frequency
250	0
750	0
1250	0
1750	0.016
2250	0.517333333333
2750	0.178666666667
3250	0.0346666666667
3750	0.141333333333
4250	0.112
4750	0
5250	0
5750	0
6250	0
6750	0
7250	0
7750	0
8250	0
