vegetation	frequency
[-250, 250]	0.0025974025974
[250, 750]	0.0155844155844
[750, 1250]	0.145454545455
[1250, 1750]	0.324675324675
[1750, 2250]	0.257142857143
[2250, 2750]	0.0545454545455
[2750, 3250]	0.111688311688
[3250, 3750]	0.0363636363636
[3750, 4250]	0.0519480519481
[4250, 4750]	0
[4750, 5250]	0
[5250, 5750]	0
[5750, 6250]	0
[6250, 6750]	0
[6750, 7250]	0
[7250, 7750]	0
[7750, 8250]	0
