vegetation	frequency
250	0
750	0
1250	0
1750	0.118577075099
2250	0.438735177866
2750	0.162055335968
3250	0.126482213439
3750	0.122529644269
4250	0.0316205533597
4750	0
5250	0
5750	0
6250	0
6750	0
7250	0
7750	0
8250	0
