vegetation	frequency
[-250, 250]	0
[250, 750]	0
[750, 1250]	0
[1250, 1750]	0
[1750, 2250]	0.737244897959
[2250, 2750]	0.160714285714
[2750, 3250]	0
[3250, 3750]	0.00255102040816
[3750, 4250]	0.0178571428571
[4250, 4750]	0.0280612244898
[4750, 5250]	0.0382653061224
[5250, 5750]	0.0102040816327
[5750, 6250]	0
[6250, 6750]	0
[6750, 7250]	0.00510204081633
[7250, 7750]	0
[7750, 8250]	0
