vegetation	frequency
250	0
750	0
1250	0
1750	0
2250	0.737244897959
2750	0.160714285714
3250	0
3750	0.00255102040816
4250	0.0178571428571
4750	0.0280612244898
5250	0.0382653061224
5750	0.0102040816327
6250	0
6750	0
7250	0.00510204081633
7750	0
8250	0
