vegetation	frequency
250	0
750	0
1250	0
1750	0.0957446808511
2250	0.601063829787
2750	0.281914893617
3250	0.0106382978723
3750	0.00531914893617
4250	0.00531914893617
4750	0
5250	0
5750	0
6250	0
6750	0
7250	0
7750	0
8250	0
