vegetation	frequency
[-250, 250]	0
[250, 750]	0.0480769230769
[750, 1250]	0.0560897435897
[1250, 1750]	0.100961538462
[1750, 2250]	0.471153846154
[2250, 2750]	0.112179487179
[2750, 3250]	0.00480769230769
[3250, 3750]	0.152243589744
[3750, 4250]	0.0512820512821
[4250, 4750]	0.00320512820513
[4750, 5250]	0
[5250, 5750]	0
[5750, 6250]	0
[6250, 6750]	0
[6750, 7250]	0
[7250, 7750]	0
[7750, 8250]	0
