vegetation	frequency
250	0
750	0
1250	0
1750	0.0800653594771
2250	0.630718954248
2750	0.153594771242
3250	0.0277777777778
3750	0.0571895424837
4250	0.0245098039216
4750	0.0261437908497
5250	0
5750	0
6250	0
6750	0
7250	0
7750	0
8250	0
