vegetation	frequency
250	0
750	0
1250	0.021021021021
1750	0.333333333333
2250	0.393393393393
2750	0.015015015015
3250	0.021021021021
3750	0.114114114114
4250	0.0840840840841
4750	0.018018018018
5250	0
5750	0
6250	0
6750	0
7250	0
7750	0
8250	0
