vegetation	frequency
250	0
750	0
1250	0
1750	0.151300236407
2250	0.626477541371
2750	0.0118203309693
3250	0.0425531914894
3750	0.0709219858156
4250	0.0709219858156
4750	0.0141843971631
5250	0.0118203309693
5750	0
6250	0
6750	0
7250	0
7750	0
8250	0
