vegetation	frequency
250	0
750	0.0027027027027
1250	0
1750	0.183783783784
2250	0.464864864865
2750	0.0405405405405
3250	0.00810810810811
3750	0.140540540541
4250	0.156756756757
4750	0.0027027027027
5250	0
5750	0
6250	0
6750	0
7250	0
7750	0
8250	0
