vegetation	frequency
250	0
750	0
1250	0
1750	0.0655737704918
2250	0.409836065574
2750	0.174863387978
3250	0.0601092896175
3750	0.0655737704918
4250	0.103825136612
4750	0.0601092896175
5250	0.00546448087432
5750	0
6250	0.0546448087432
6750	0
7250	0
7750	0
8250	0
