vegetation	frequency
250	0
750	0
1250	0.00802139037433
1750	0.724598930481
2250	0.262923351159
2750	0.00356506238859
3250	0
3750	0
4250	0.000891265597148
4750	0
5250	0
5750	0
6250	0
6750	0
7250	0
7750	0
8250	0
