vegetation	frequency
[-250, 250]	0
[250, 750]	0
[750, 1250]	0
[1250, 1750]	0.0994652406417
[1750, 2250]	0.629946524064
[2250, 2750]	0.0385026737968
[2750, 3250]	0.00213903743316
[3250, 3750]	0.0128342245989
[3750, 4250]	0.149732620321
[4250, 4750]	0.0417112299465
[4750, 5250]	0.0245989304813
[5250, 5750]	0.00106951871658
[5750, 6250]	0
[6250, 6750]	0
[6750, 7250]	0
[7250, 7750]	0
[7750, 8250]	0
