vegetation	frequency
[-250, 250]	0
[250, 750]	0
[750, 1250]	0
[1250, 1750]	0.0041095890411
[1750, 2250]	0.568493150685
[2250, 2750]	0.409589041096
[2750, 3250]	0.00547945205479
[3250, 3750]	0.0027397260274
[3750, 4250]	0.00821917808219
[4250, 4750]	0
[4750, 5250]	0
[5250, 5750]	0.0013698630137
[5750, 6250]	0
[6250, 6750]	0
[6750, 7250]	0
[7250, 7750]	0
[7750, 8250]	0
