vegetation	frequency
[-250, 250]	0
[250, 750]	0
[750, 1250]	0
[1250, 1750]	0.293548387097
[1750, 2250]	0.42688172043
[2250, 2750]	0.0666666666667
[2750, 3250]	0.00645161290323
[3250, 3750]	0.00537634408602
[3750, 4250]	0.0537634408602
[4250, 4750]	0.0677419354839
[4750, 5250]	0.0569892473118
[5250, 5750]	0.0225806451613
[5750, 6250]	0
[6250, 6750]	0
[6750, 7250]	0
[7250, 7750]	0
[7750, 8250]	0
