vegetation	frequency
[-250, 250]	0.000854700854701
[250, 750]	0
[750, 1250]	0.011396011396
[1250, 1750]	0.438746438746
[1750, 2250]	0.411965811966
[2250, 2750]	0.0301994301994
[2750, 3250]	0.039886039886
[3250, 3750]	0.0507122507123
[3750, 4250]	0.00826210826211
[4250, 4750]	0.00740740740741
[4750, 5250]	0.000569800569801
[5250, 5750]	0
[5750, 6250]	0
[6250, 6750]	0
[6750, 7250]	0
[7250, 7750]	0
[7750, 8250]	0
