vegetation	frequency
250	0
750	0
1250	0
1750	0.230337078652
2250	0.492509363296
2750	0.260299625468
3250	0.0168539325843
3750	0
4250	0
4750	0
5250	0
5750	0
6250	0
6750	0
7250	0
7750	0
8250	0
