vegetation	frequency
250	0
750	0
1250	0
1750	0.0807453416149
2250	0.591614906832
2750	0.164596273292
3250	0.0232919254658
3750	0.0605590062112
4250	0.0465838509317
4750	0.0108695652174
5250	0.0217391304348
5750	0
6250	0
6750	0
7250	0
7750	0
8250	0
