vegetation	frequency
250	0
750	0
1250	0
1750	0.13468013468
2250	0.542087542088
2750	0.138047138047
3250	0.037037037037
3750	0.0353535353535
4250	0.0774410774411
4750	0.0353535353535
5250	0
5750	0
6250	0
6750	0
7250	0
7750	0
8250	0
