vegetation	frequency
250	0
750	0
1250	0
1750	0.276595744681
2250	0.494089834515
2750	0.0851063829787
3250	0.096926713948
3750	0.0354609929078
4250	0.00709219858156
4750	0.00472813238771
5250	0
5750	0
6250	0
6750	0
7250	0
7750	0
8250	0
