vegetation	frequency
250	0
750	0
1250	0
1750	0.0994652406417
2250	0.629946524064
2750	0.0385026737968
3250	0.00213903743316
3750	0.0128342245989
4250	0.149732620321
4750	0.0417112299465
5250	0.0245989304813
5750	0.00106951871658
6250	0
6750	0
7250	0
7750	0
8250	0
