vegetation	frequency
250	0
750	0
1250	0
1750	0.158986175115
2250	0.55069124424
2750	0.260368663594
3250	0.0276497695853
3750	0.00230414746544
4250	0
4750	0
5250	0
5750	0
6250	0
6750	0
7250	0
7750	0
8250	0
