vegetation	frequency
250	0
750	0
1250	0
1750	0.220538720539
2250	0.639730639731
2750	0.0454545454545
3250	0.0740740740741
3750	0.020202020202
4250	0
4750	0
5250	0
5750	0
6250	0
6750	0
7250	0
7750	0
8250	0
