vegetation	frequency
250	0
750	0.0142857142857
1250	0.0828571428571
1750	0.342857142857
2250	0.517142857143
2750	0.03
3250	0.00571428571429
3750	0.00714285714286
4250	0
4750	0
5250	0
5750	0
6250	0
6750	0
7250	0
7750	0
8250	0
