vegetation	frequency
250	0
750	0
1250	0.0175438596491
1750	0.401002506266
2250	0.165413533835
2750	0.197994987469
3250	0.157894736842
3750	0.0501253132832
4250	0.0100250626566
4750	0
5250	0
5750	0
6250	0
6750	0
7250	0
7750	0
8250	0
