vegetation	frequency
250	0
750	0.00634249471459
1250	0.0274841437632
1750	0.0866807610994
2250	0.408033826638
2750	0.167019027484
3250	0.0718816067653
3750	0
4250	0.0887949260042
4750	0.143763213531
5250	0
5750	0
6250	0
6750	0
7250	0
7750	0
8250	0
