vegetation	frequency
250	0
750	0
1250	0
1750	0.142517814727
2250	0.681710213777
2750	0.0285035629454
3250	0.0475059382423
3750	0.0403800475059
4250	0.0451306413302
4750	0.0142517814727
5250	0
5750	0
6250	0
6750	0
7250	0
7750	0
8250	0
