vegetation	frequency
250	0
750	0.0416666666667
1250	0.25
1750	0.339285714286
2250	0.27380952381
2750	0.0238095238095
3250	0.0119047619048
3750	0
4250	0.047619047619
4750	0.0119047619048
5250	0
5750	0
6250	0
6750	0
7250	0
7750	0
8250	0
