vegetation	frequency
[-250, 250]	0
[250, 750]	0
[750, 1250]	0
[1250, 1750]	0.183752417795
[1750, 2250]	0.533849129594
[2250, 2750]	0.0851063829787
[2750, 3250]	0.0241779497099
[3250, 3750]	0.0348162475822
[3750, 4250]	0.0609284332689
[4250, 4750]	0.0522243713733
[4750, 5250]	0.0203094777563
[5250, 5750]	0.00483558994197
[5750, 6250]	0
[6250, 6750]	0
[6750, 7250]	0
[7250, 7750]	0
[7750, 8250]	0
