vegetation	frequency
[-250, 250]	0
[250, 750]	0
[750, 1250]	0
[1250, 1750]	0.386824324324
[1750, 2250]	0.435810810811
[2250, 2750]	0.00506756756757
[2750, 3250]	0.0785472972973
[3250, 3750]	0.0625
[3750, 4250]	0.0253378378378
[4250, 4750]	0.00591216216216
[4750, 5250]	0
[5250, 5750]	0
[5750, 6250]	0
[6250, 6750]	0
[6750, 7250]	0
[7250, 7750]	0
[7750, 8250]	0
