vegetation	frequency
250	0
750	0
1250	0
1750	0.0748091603053
2250	0.613740458015
2750	0.114503816794
3250	0.135877862595
3750	0.030534351145
4250	0.030534351145
4750	0
5250	0
5750	0
6250	0
6750	0
7250	0
7750	0
8250	0
