vegetation	frequency
250	0
750	0
1250	0
1750	0.197198275862
2250	0.419181034483
2750	0.176724137931
3250	0.0215517241379
3750	0.010775862069
4250	0.153017241379
4750	0.0215517241379
5250	0
5750	0
6250	0
6750	0
7250	0
7750	0
8250	0
