vegetation	frequency
[-250, 250]	0
[250, 750]	0
[750, 1250]	0
[1250, 1750]	0.0540037243948
[1750, 2250]	0.670391061453
[2250, 2750]	0.135940409683
[2750, 3250]	0
[3250, 3750]	0.00372439478585
[3750, 4250]	0.00931098696462
[4250, 4750]	0.0335195530726
[4750, 5250]	0.072625698324
[5250, 5750]	0.0204841713222
[5750, 6250]	0
[6250, 6750]	0
[6750, 7250]	0
[7250, 7750]	0
[7750, 8250]	0
