vegetation	frequency
[-250, 250]	0
[250, 750]	0.00240673886883
[750, 1250]	0.00782190132371
[1250, 1750]	0.031889290012
[1750, 2250]	0.691937424789
[2250, 2750]	0.043321299639
[2750, 3250]	0.00361010830325
[3250, 3750]	0.0198555956679
[3750, 4250]	0.0950661853189
[4250, 4750]	0.104091456077
[4750, 5250]	0
[5250, 5750]	0
[5750, 6250]	0
[6250, 6750]	0
[6750, 7250]	0
[7250, 7750]	0
[7750, 8250]	0
