vegetation	frequency
250	0
750	0
1250	0
1750	0.146368715084
2250	0.773184357542
2750	0.0301675977654
3250	0
3750	0.00111731843575
4250	0.0256983240223
4750	0.0234636871508
5250	0
5750	0
6250	0
6750	0
7250	0
7750	0
8250	0
