vegetation	frequency
250	0
750	0
1250	0
1750	0.295441089402
2250	0.41089402013
2750	0.0449970396684
3250	0.00355239786856
3750	0.0532859680284
4250	0.0988750740083
4750	0.0284191829485
5250	0.0645352279455
5750	0
6250	0
6750	0
7250	0
7750	0
8250	0
