vegetation	frequency
250	0
750	0.0480769230769
1250	0.0560897435897
1750	0.100961538462
2250	0.471153846154
2750	0.112179487179
3250	0.00480769230769
3750	0.152243589744
4250	0.0512820512821
4750	0.00320512820513
5250	0
5750	0
6250	0
6750	0
7250	0
7750	0
8250	0
