vegetation	frequency
[-250, 250]	0
[250, 750]	0
[750, 1250]	0
[1250, 1750]	0.151300236407
[1750, 2250]	0.626477541371
[2250, 2750]	0.0118203309693
[2750, 3250]	0.0425531914894
[3250, 3750]	0.0709219858156
[3750, 4250]	0.0709219858156
[4250, 4750]	0.0141843971631
[4750, 5250]	0.0118203309693
[5250, 5750]	0
[5750, 6250]	0
[6250, 6750]	0
[6750, 7250]	0
[7250, 7750]	0
[7750, 8250]	0
