vegetation	frequency
250	0
750	0
1250	0
1750	0.709006928406
2250	0.152424942263
2750	0.00692840646651
3250	0.0392609699769
3750	0.013856812933
4250	0.0461893764434
4750	0.0323325635104
5250	0
5750	0
6250	0
6750	0
7250	0
7750	0
8250	0
