vegetation	frequency
[-250, 250]	0
[250, 750]	0.0909090909091
[750, 1250]	0.116363636364
[1250, 1750]	0.421818181818
[1750, 2250]	0.370909090909
[2250, 2750]	0
[2750, 3250]	0
[3250, 3750]	0
[3750, 4250]	0
[4250, 4750]	0
[4750, 5250]	0
[5250, 5750]	0
[5750, 6250]	0
[6250, 6750]	0
[6750, 7250]	0
[7250, 7750]	0
[7750, 8250]	0
