vegetation	frequency
250	0.000854700854701
750	0
1250	0.011396011396
1750	0.438746438746
2250	0.411965811966
2750	0.0301994301994
3250	0.039886039886
3750	0.0507122507123
4250	0.00826210826211
4750	0.00740740740741
5250	0.000569800569801
5750	0
6250	0
6750	0
7250	0
7750	0
8250	0
