vegetation	frequency
250	0
750	0.00896860986547
1250	0.0919282511211
1750	0.354260089686
2250	0.286995515695
2750	0.067264573991
3250	0.0515695067265
3750	0.0784753363229
4250	0.0538116591928
4750	0.0067264573991
5250	0
5750	0
6250	0
6750	0
7250	0
7750	0
8250	0
