vegetation	frequency
250	0.0127388535032
750	0.00636942675159
1250	0.184713375796
1750	0.197452229299
2250	0.28025477707
2750	0.12101910828
3250	0
3750	0.0445859872611
4250	0.0636942675159
4750	0.0509554140127
5250	0.0382165605096
5750	0
6250	0
6750	0
7250	0
7750	0
8250	0
