vegetation	frequency
[-250, 250]	0
[250, 750]	0
[750, 1250]	0
[1250, 1750]	0.635327635328
[1750, 2250]	0.119658119658
[2250, 2750]	0
[2750, 3250]	0
[3250, 3750]	0
[3750, 4250]	0.0769230769231
[4250, 4750]	0.159544159544
[4750, 5250]	0.00854700854701
[5250, 5750]	0
[5750, 6250]	0
[6250, 6750]	0
[6750, 7250]	0
[7250, 7750]	0
[7750, 8250]	0
