vegetation	frequency
250	0
750	0
1250	0.00995024875622
1750	0.0328358208955
2250	0.467661691542
2750	0.260696517413
3250	0.0726368159204
3750	0.01592039801
4250	0.0467661691542
4750	0.0606965174129
5250	0.0278606965174
5750	0.00199004975124
6250	0
6750	0.00298507462687
7250	0
7750	0
8250	0
