vegetation	frequency
250	0
750	0
1250	0
1750	0.334277620397
2250	0.450424929178
2750	0.0297450424929
3250	0.0155807365439
3750	0.0779036827195
4250	0.0835694050992
4750	0.00849858356941
5250	0
5750	0
6250	0
6750	0
7250	0
7750	0
8250	0
