vegetation	frequency
250	0
750	0
1250	0.0057361376673
1750	0.0841300191205
2250	0.673040152964
2750	0.0229445506692
3250	0.0535372848948
3750	0.038240917782
4250	0.0516252390057
4750	0.038240917782
5250	0.019120458891
5750	0.0133843212237
6250	0
6750	0
7250	0
7750	0
8250	0
