vegetation	frequency
250	0
750	0.00240673886883
1250	0.00782190132371
1750	0.031889290012
2250	0.691937424789
2750	0.043321299639
3250	0.00361010830325
3750	0.0198555956679
4250	0.0950661853189
4750	0.104091456077
5250	0
5750	0
6250	0
6750	0
7250	0
7750	0
8250	0
