vegetation	frequency
250	0
750	0
1250	0.00952380952381
1750	0.133333333333
2250	0.27619047619
2750	0.209523809524
3250	0.152380952381
3750	0.0380952380952
4250	0.00952380952381
4750	0.0761904761905
5250	0.0190476190476
5750	0.0761904761905
6250	0
6750	0
7250	0
7750	0
8250	0
