vegetation	frequency
[-250, 250]	0
[250, 750]	0
[750, 1250]	0
[1250, 1750]	0.289361702128
[1750, 2250]	0.453191489362
[2250, 2750]	0.203191489362
[2750, 3250]	0.0148936170213
[3250, 3750]	0.0106382978723
[3750, 4250]	0.0265957446809
[4250, 4750]	0.00212765957447
[4750, 5250]	0
[5250, 5750]	0
[5750, 6250]	0
[6250, 6750]	0
[6750, 7250]	0
[7250, 7750]	0
[7750, 8250]	0
