vegetation	frequency
250	0
750	0
1250	0
1750	0.529644268775
2250	0.266798418972
2750	0.0790513833992
3250	0.0909090909091
3750	0.0316205533597
4250	0.00197628458498
4750	0
5250	0
5750	0
6250	0
6750	0
7250	0
7750	0
8250	0
