vegetation	frequency
250	0
750	0
1250	0
1750	0.0889570552147
2250	0.481595092025
2750	0.00306748466258
3250	0.153374233129
3750	0.0306748466258
4250	0.205521472393
4750	0.0368098159509
5250	0
5750	0
6250	0
6750	0
7250	0
7750	0
8250	0
