vegetation	frequency
[-250, 250]	0
[250, 750]	0
[750, 1250]	0
[1250, 1750]	0.117412935323
[1750, 2250]	0.588059701493
[2250, 2750]	0.0865671641791
[2750, 3250]	0.00497512437811
[3250, 3750]	0.0149253731343
[3750, 4250]	0.0706467661692
[4250, 4750]	0.065671641791
[4750, 5250]	0.0417910447761
[5250, 5750]	0.00995024875622
[5750, 6250]	0
[6250, 6750]	0
[6750, 7250]	0
[7250, 7750]	0
[7750, 8250]	0
