vegetation	frequency
[-250, 250]	0
[250, 750]	0
[750, 1250]	0.00952380952381
[1250, 1750]	0.133333333333
[1750, 2250]	0.27619047619
[2250, 2750]	0.209523809524
[2750, 3250]	0.152380952381
[3250, 3750]	0.0380952380952
[3750, 4250]	0.00952380952381
[4250, 4750]	0.0761904761905
[4750, 5250]	0.0190476190476
[5250, 5750]	0.0761904761905
[5750, 6250]	0
[6250, 6750]	0
[6750, 7250]	0
[7250, 7750]	0
[7750, 8250]	0
