vegetation	frequency
250	0
750	0
1250	0
1750	0.488054607509
2250	0.232081911263
2750	0.00341296928328
3250	0.0546075085324
3750	0.0819112627986
4250	0.136518771331
4750	0.00341296928328
5250	0
5750	0
6250	0
6750	0
7250	0
7750	0
8250	0
