vegetation	frequency
250	0
750	0
1250	0
1750	0.258585858586
2250	0.521212121212
2750	0.220202020202
3250	0
3750	0
4250	0
4750	0
5250	0
5750	0
6250	0
6750	0
7250	0
7750	0
8250	0
