vegetation	frequency
[-250, 250]	0
[250, 750]	0.00285714285714
[750, 1250]	0.02
[1250, 1750]	0.312857142857
[1750, 2250]	0.394285714286
[2250, 2750]	0.0742857142857
[2750, 3250]	0.03
[3250, 3750]	0.02
[3750, 4250]	0.07
[4250, 4750]	0.06
[4750, 5250]	0.0157142857143
[5250, 5750]	0
[5750, 6250]	0
[6250, 6750]	0
[6750, 7250]	0
[7250, 7750]	0
[7750, 8250]	0
