vegetation	frequency
[-250, 250]	0
[250, 750]	0
[750, 1250]	0.0057361376673
[1250, 1750]	0.0841300191205
[1750, 2250]	0.673040152964
[2250, 2750]	0.0229445506692
[2750, 3250]	0.0535372848948
[3250, 3750]	0.038240917782
[3750, 4250]	0.0516252390057
[4250, 4750]	0.038240917782
[4750, 5250]	0.019120458891
[5250, 5750]	0.0133843212237
[5750, 6250]	0
[6250, 6750]	0
[6750, 7250]	0
[7250, 7750]	0
[7750, 8250]	0
