vegetation	frequency
250	0
750	0
1250	0
1750	0.502369668246
2250	0.417061611374
2750	0.0710900473934
3250	0.00473933649289
3750	0.00473933649289
4250	0
4750	0
5250	0
5750	0
6250	0
6750	0
7250	0
7750	0
8250	0
