vegetation	frequency
250	0
750	0.00607902735562
1250	0.0253292806484
1750	0.625126646403
2250	0.282674772036
2750	0.0597771023303
3250	0.00101317122594
3750	0
4250	0
4750	0
5250	0
5750	0
6250	0
6750	0
7250	0
7750	0
8250	0
