vegetation	frequency
250	0
750	0
1250	0
1750	0.183752417795
2250	0.533849129594
2750	0.0851063829787
3250	0.0241779497099
3750	0.0348162475822
4250	0.0609284332689
4750	0.0522243713733
5250	0.0203094777563
5750	0.00483558994197
6250	0
6750	0
7250	0
7750	0
8250	0
