vegetation	frequency
250	0
750	0
1250	0
1750	0.612631578947
2250	0.122105263158
2750	0.0252631578947
3250	0.0210526315789
3750	0.113684210526
4250	0.0442105263158
4750	0.0610526315789
5250	0
5750	0
6250	0
6750	0
7250	0
7750	0
8250	0
