vegetation	frequency
250	0
750	0
1250	0.294027565084
1750	0.542113323124
2250	0.125574272588
2750	0.0336906584992
3250	0.00459418070444
3750	0
4250	0
4750	0
5250	0
5750	0
6250	0
6750	0
7250	0
7750	0
8250	0
