vegetation	frequency
[-250, 250]	0
[250, 750]	0
[750, 1250]	0
[1250, 1750]	0.0655737704918
[1750, 2250]	0.409836065574
[2250, 2750]	0.174863387978
[2750, 3250]	0.0601092896175
[3250, 3750]	0.0655737704918
[3750, 4250]	0.103825136612
[4250, 4750]	0.0601092896175
[4750, 5250]	0.00546448087432
[5250, 5750]	0
[5750, 6250]	0.0546448087432
[6250, 6750]	0
[6750, 7250]	0
[7250, 7750]	0
[7750, 8250]	0
