vegetation	frequency
250	0.031914893617
750	0.0585106382979
1250	0.148936170213
1750	0.436170212766
2250	0.31914893617
2750	0.00531914893617
3250	0
3750	0
4250	0
4750	0
5250	0
5750	0
6250	0
6750	0
7250	0
7750	0
8250	0
