vegetation	frequency
[-250, 250]	0.00879765395894
[250, 750]	0
[750, 1250]	0.0615835777126
[1250, 1750]	0.442815249267
[1750, 2250]	0.187683284457
[2250, 2750]	0.137829912023
[2750, 3250]	0.0850439882698
[3250, 3750]	0.0557184750733
[3750, 4250]	0.0205278592375
[4250, 4750]	0
[4750, 5250]	0
[5250, 5750]	0
[5750, 6250]	0
[6250, 6750]	0
[6750, 7250]	0
[7250, 7750]	0
[7750, 8250]	0
