vegetation	frequency
250	0
750	0
1250	0
1750	0.647540983607
2250	0.237704918033
2750	0.114754098361
3250	0
3750	0
4250	0
4750	0
5250	0
5750	0
6250	0
6750	0
7250	0
7750	0
8250	0
