vegetation	frequency
250	0
750	0
1250	0
1750	0.491349480969
2250	0.318339100346
2750	0.00692041522491
3250	0.0588235294118
3750	0.0519031141869
4250	0.0692041522491
4750	0.00346020761246
5250	0
5750	0
6250	0
6750	0
7250	0
7750	0
8250	0
