vegetation	frequency
[-250, 250]	0
[250, 750]	0
[750, 1250]	0
[1250, 1750]	0.276595744681
[1750, 2250]	0.494089834515
[2250, 2750]	0.0851063829787
[2750, 3250]	0.096926713948
[3250, 3750]	0.0354609929078
[3750, 4250]	0.00709219858156
[4250, 4750]	0.00472813238771
[4750, 5250]	0
[5250, 5750]	0
[5750, 6250]	0
[6250, 6750]	0
[6750, 7250]	0
[7250, 7750]	0
[7750, 8250]	0
