vegetation	frequency
250	0
750	0.00943396226415
1250	0.0433962264151
1750	0.145283018868
2250	0.516981132075
2750	0.0452830188679
3250	0.0924528301887
3750	0.0660377358491
4250	0.0433962264151
4750	0.0320754716981
5250	0.00566037735849
5750	0
6250	0
6750	0
7250	0
7750	0
8250	0
