vegetation	frequency
250	0
750	0
1250	0
1750	0.411444141689
2250	0.386920980926
2750	0.0490463215259
3250	0.00272479564033
3750	0.00817438692098
4250	0.100817438692
4750	0.0408719346049
5250	0
5750	0
6250	0
6750	0
7250	0
7750	0
8250	0
