vegetation	frequency
[-250, 250]	0
[250, 750]	0
[750, 1250]	0
[1250, 1750]	0.0807453416149
[1750, 2250]	0.591614906832
[2250, 2750]	0.164596273292
[2750, 3250]	0.0232919254658
[3250, 3750]	0.0605590062112
[3750, 4250]	0.0465838509317
[4250, 4750]	0.0108695652174
[4750, 5250]	0.0217391304348
[5250, 5750]	0
[5750, 6250]	0
[6250, 6750]	0
[6750, 7250]	0
[7250, 7750]	0
[7750, 8250]	0
