vegetation	frequency
[-250, 250]	0
[250, 750]	0
[750, 1250]	0
[1250, 1750]	0.48944591029
[1750, 2250]	0.245382585752
[2250, 2750]	0.0145118733509
[2750, 3250]	0
[3250, 3750]	0.0171503957784
[3750, 4250]	0.100263852243
[4250, 4750]	0.130606860158
[4750, 5250]	0.00263852242744
[5250, 5750]	0
[5750, 6250]	0
[6250, 6750]	0
[6750, 7250]	0
[7250, 7750]	0
[7750, 8250]	0
