vegetation	frequency
[-250, 250]	0
[250, 750]	0
[750, 1250]	0
[1250, 1750]	0.295441089402
[1750, 2250]	0.41089402013
[2250, 2750]	0.0449970396684
[2750, 3250]	0.00355239786856
[3250, 3750]	0.0532859680284
[3750, 4250]	0.0988750740083
[4250, 4750]	0.0284191829485
[4750, 5250]	0.0645352279455
[5250, 5750]	0
[5750, 6250]	0
[6250, 6750]	0
[6750, 7250]	0
[7250, 7750]	0
[7750, 8250]	0
