vegetation	frequency
250	0
750	0
1250	0
1750	0.117412935323
2250	0.588059701493
2750	0.0865671641791
3250	0.00497512437811
3750	0.0149253731343
4250	0.0706467661692
4750	0.065671641791
5250	0.0417910447761
5750	0.00995024875622
6250	0
6750	0
7250	0
7750	0
8250	0
