vegetation	frequency
250	0
750	0.00254452926209
1250	0
1750	0.503816793893
2250	0.206106870229
2750	0.0508905852417
3250	0.0610687022901
3750	0.0483460559796
4250	0.104325699746
4750	0.0229007633588
5250	0
5750	0
6250	0
6750	0
7250	0
7750	0
8250	0
