vegetation	frequency
250	0
750	0
1250	0
1750	0.396681749623
2250	0.328808446456
2750	0.105580693816
3250	0.0844645550528
3750	0.0769230769231
4250	0.00603318250377
4750	0.00150829562594
5250	0
5750	0
6250	0
6750	0
7250	0
7750	0
8250	0
