vegetation	frequency
250	0
750	0
1250	0
1750	0.289361702128
2250	0.453191489362
2750	0.203191489362
3250	0.0148936170213
3750	0.0106382978723
4250	0.0265957446809
4750	0.00212765957447
5250	0
5750	0
6250	0
6750	0
7250	0
7750	0
8250	0
