vegetation	frequency
[-250, 250]	0
[250, 750]	0
[750, 1250]	0
[1250, 1750]	0.118577075099
[1750, 2250]	0.438735177866
[2250, 2750]	0.162055335968
[2750, 3250]	0.126482213439
[3250, 3750]	0.122529644269
[3750, 4250]	0.0316205533597
[4250, 4750]	0
[4750, 5250]	0
[5250, 5750]	0
[5750, 6250]	0
[6250, 6750]	0
[6750, 7250]	0
[7250, 7750]	0
[7750, 8250]	0
