vegetation	frequency
250	0
750	0.00413223140496
1250	0
1750	0.276859504132
2250	0.433884297521
2750	0.0413223140496
3250	0.0206611570248
3750	0.00826446280992
4250	0.0495867768595
4750	0.115702479339
5250	0.0206611570248
5750	0.0165289256198
6250	0.0123966942149
6750	0
7250	0
7750	0
8250	0
