vegetation	frequency
250	0
750	0
1250	0
1750	0.48944591029
2250	0.245382585752
2750	0.0145118733509
3250	0
3750	0.0171503957784
4250	0.100263852243
4750	0.130606860158
5250	0.00263852242744
5750	0
6250	0
6750	0
7250	0
7750	0
8250	0
