vegetation	frequency
250	0
750	0
1250	0
1750	0.0041095890411
2250	0.568493150685
2750	0.409589041096
3250	0.00547945205479
3750	0.0027397260274
4250	0.00821917808219
4750	0
5250	0
5750	0.0013698630137
6250	0
6750	0
7250	0
7750	0
8250	0
