vegetation	frequency
250	0
750	0
1250	0.00167504187605
1750	0.536013400335
2250	0.323283082077
2750	0.0787269681742
3250	0.0418760469012
3750	0.0184254606365
4250	0
4750	0
5250	0
5750	0
6250	0
6750	0
7250	0
7750	0
8250	0
