vegetation	frequency
250	0
750	0
1250	0
1750	0.118918918919
2250	0.594594594595
2750	0.216216216216
3250	0.0648648648649
3750	0.00540540540541
4250	0
4750	0
5250	0
5750	0
6250	0
6750	0
7250	0
7750	0
8250	0
