vegetation	frequency
250	0
750	0
1250	0
1750	0
2250	0.558441558442
2750	0.155844155844
3250	0.0779220779221
3750	0.181818181818
4250	0.025974025974
4750	0
5250	0
5750	0
6250	0
6750	0
7250	0
7750	0
8250	0
