vegetation	frequency
250	0.00359712230216
750	0.0287769784173
1250	0.178057553957
1750	0.31654676259
2250	0.390287769784
2750	0.0827338129496
3250	0
3750	0
4250	0
4750	0
5250	0
5750	0
6250	0
6750	0
7250	0
7750	0
8250	0
