vegetation	frequency
250	0
750	0
1250	0
1750	0.00889679715302
2250	0.594306049822
2750	0.272241992883
3250	0.11743772242
3750	0.00711743772242
4250	0
4750	0
5250	0
5750	0
6250	0
6750	0
7250	0
7750	0
8250	0
