vegetation	frequency
250	0
750	0
1250	0
1750	0.0294117647059
2250	0.550420168067
2750	0.260504201681
3250	0.155462184874
3750	0.00420168067227
4250	0
4750	0
5250	0
5750	0
6250	0
6750	0
7250	0
7750	0
8250	0
