vegetation	frequency
250	0
750	0
1250	0
1750	0.480701754386
2250	0.284210526316
2750	0.00701754385965
3250	0.0456140350877
3750	0.0877192982456
4250	0.0842105263158
4750	0
5250	0.0105263157895
5750	0
6250	0
6750	0
7250	0
7750	0
8250	0
