vegetation	frequency
250	0
750	0
1250	0
1750	0.117346938776
2250	0.627551020408
2750	0.015306122449
3250	0
3750	0.122448979592
4250	0.0765306122449
4750	0.0357142857143
5250	0.00510204081633
5750	0
6250	0
6750	0
7250	0
7750	0
8250	0
