vegetation	frequency
250	0
750	0
1250	0
1750	0.0790960451977
2250	0.655367231638
2750	0.0734463276836
3250	0.0225988700565
3750	0.0282485875706
4250	0.0338983050847
4750	0.107344632768
5250	0
5750	0
6250	0
6750	0
7250	0
7750	0
8250	0
