vegetation	frequency
[-250, 250]	0
[250, 750]	0
[750, 1250]	0
[1250, 1750]	0.0748091603053
[1750, 2250]	0.613740458015
[2250, 2750]	0.114503816794
[2750, 3250]	0.135877862595
[3250, 3750]	0.030534351145
[3750, 4250]	0.030534351145
[4250, 4750]	0
[4750, 5250]	0
[5250, 5750]	0
[5750, 6250]	0
[6250, 6750]	0
[6750, 7250]	0
[7250, 7750]	0
[7750, 8250]	0
