vegetation	frequency
250	0
750	0
1250	0
1750	0.351807228916
2250	0.489156626506
2750	0.130120481928
3250	0.0240963855422
3750	0
4250	0.00481927710843
4750	0
5250	0
5750	0
6250	0
6750	0
7250	0
7750	0
8250	0
