vegetation	frequency
[-250, 250]	0
[250, 750]	0.0027027027027
[750, 1250]	0
[1250, 1750]	0.183783783784
[1750, 2250]	0.464864864865
[2250, 2750]	0.0405405405405
[2750, 3250]	0.00810810810811
[3250, 3750]	0.140540540541
[3750, 4250]	0.156756756757
[4250, 4750]	0.0027027027027
[4750, 5250]	0
[5250, 5750]	0
[5750, 6250]	0
[6250, 6750]	0
[6750, 7250]	0
[7250, 7750]	0
[7750, 8250]	0
