vegetation	frequency
250	0
750	0
1250	0
1750	0
2250	0.701612903226
2750	0.0430107526882
3250	0.0161290322581
3750	0.110215053763
4250	0.0672043010753
4750	0.0618279569892
5250	0
5750	0
6250	0
6750	0
7250	0
7750	0
8250	0
