vegetation	frequency
250	0
750	0.00285714285714
1250	0.02
1750	0.312857142857
2250	0.394285714286
2750	0.0742857142857
3250	0.03
3750	0.02
4250	0.07
4750	0.06
5250	0.0157142857143
5750	0
6250	0
6750	0
7250	0
7750	0
8250	0
