vegetation	frequency
[-250, 250]	0
[250, 750]	0
[750, 1250]	0.00127931769723
[1250, 1750]	0.257569296375
[1750, 2250]	0.518976545842
[2250, 2750]	0.115991471215
[2750, 3250]	0.00724946695096
[3250, 3750]	0.00213219616205
[3750, 4250]	0.0251599147122
[4250, 4750]	0.0584221748401
[4750, 5250]	0.0127931769723
[5250, 5750]	0.000426439232409
[5750, 6250]	0
[6250, 6750]	0
[6750, 7250]	0
[7250, 7750]	0
[7750, 8250]	0
