vegetation	frequency
250	0
750	0
1250	0
1750	0.274844720497
2250	0.284161490683
2750	0.355590062112
3250	0.0807453416149
3750	0.00465838509317
4250	0
4750	0
5250	0
5750	0
6250	0
6750	0
7250	0
7750	0
8250	0
