vegetation	frequency
[-250, 250]	0
[250, 750]	0.00413223140496
[750, 1250]	0
[1250, 1750]	0.276859504132
[1750, 2250]	0.433884297521
[2250, 2750]	0.0413223140496
[2750, 3250]	0.0206611570248
[3250, 3750]	0.00826446280992
[3750, 4250]	0.0495867768595
[4250, 4750]	0.115702479339
[4750, 5250]	0.0206611570248
[5250, 5750]	0.0165289256198
[5750, 6250]	0.0123966942149
[6250, 6750]	0
[6750, 7250]	0
[7250, 7750]	0
[7750, 8250]	0
